{
  "__type__": "cc.AnimationClip",
  "_name": "heroTick",
  "_objFlags": 0,
  "_rawFiles": null,
  "_duration": 0.3333333333333333,
  "sample": 30,
  "speed": 1,
  "wrapMode": 1,
  "curveData": {
    "comps": {
      "cc.Sprite": {
        "spriteFrame": [
          {
            "frame": 0,
            "value": {
              "__uuid__": "bb6469f0-6339-4ca8-8744-74211f590860"
            }
          },
          {
            "frame": 0.1,
            "value": {
              "__uuid__": "63dd3ec4-30f7-45dd-a28f-3e16d2d33367"
            }
          },
          {
            "frame": 0.3,
            "value": {
              "__uuid__": "bb6469f0-6339-4ca8-8744-74211f590860"
            }
          }
        ]
      }
    }
  },
  "events": []
}