{
  "__type__": "dragonBones.DragonBonesAtlasAsset",
  "_name": "CoreElement_texture_1",
  "_objFlags": 0,
  "_rawFiles": null,
  "_atlasJson": "{\"name\":\"CoreElement\",\"imagePath\":\"CoreElement_texture_1.png\",\"SubTexture\":[{\"name\":\"weapon_1005_folder/weapon_r_4\",\"x\":2,\"y\":2,\"width\":280,\"height\":76},{\"name\":\"flame_01_f/bbb\",\"x\":284,\"y\":2,\"width\":86,\"height\":234},{\"name\":\"mecha_1502b_folder/chest\",\"x\":372,\"y\":2,\"width\":89,\"height\":192},{\"name\":\"weapon_1005_folder/weapon_r_1\",\"x\":463,\"y\":2,\"width\":105,\"height\":60},{\"name\":\"mecha_1502b_folder/thigh_r\",\"x\":463,\"y\":64,\"width\":103,\"height\":61},{\"name\":\"weapon_1005_folder/weapon_r_3\",\"x\":2,\"y\":80,\"width\":202,\"height\":69},{\"name\":\"mecha_1502b_folder/foot_r\",\"x\":206,\"y\":80,\"width\":29,\"height\":109},{\"name\":\"mecha_1502b_folder/textures/foot_l_0\",\"x\":237,\"y\":80,\"width\":29,\"height\":106},{\"name\":\"mecha_1502b_folder/thigh_l\",\"x\":463,\"y\":127,\"width\":101,\"height\":57},{\"name\":\"flame_01_f/ba_bu_flame1\",\"x\":2,\"y\":151,\"width\":180,\"height\":52},{\"name\":\"weapon_1502b_folder/image/paoguan_0003\",\"x\":463,\"y\":186,\"width\":94,\"height\":36},{\"name\":\"mecha_1502b_folder/pelvis\",\"x\":237,\"y\":188,\"width\":41,\"height\":65},{\"name\":\"_texture/fireEffect\",\"x\":184,\"y\":191,\"width\":48,\"height\":38},{\"name\":\"weapon_1005_folder/a_folder/boss_zhl.0005\",\"x\":372,\"y\":196,\"width\":81,\"height\":37},{\"name\":\"weapon_1005_folder/c_folder/1\",\"x\":2,\"y\":205,\"width\":136,\"height\":54},{\"name\":\"weapon_1005_folder/weapon_r_2\",\"x\":455,\"y\":224,\"width\":108,\"height\":64},{\"name\":\"weapon_1502b_folder/image/paoguan_0002\",\"x\":140,\"y\":231,\"width\":94,\"height\":36},{\"name\":\"weapon_1005_folder/a_folder/boss_zhl.0004\",\"x\":372,\"y\":235,\"width\":81,\"height\":37},{\"name\":\"weapon_1005_folder/a_folder/boss_zhl.0003\",\"x\":280,\"y\":238,\"width\":81,\"height\":37},{\"name\":\"weapon_1005_folder/c_folder/0\",\"x\":2,\"y\":261,\"width\":136,\"height\":52},{\"name\":\"weapon_1005_folder/c_folder/2\",\"x\":140,\"y\":269,\"width\":136,\"height\":51},{\"name\":\"weapon_1005_folder/a_folder/boss_zhl.0002\",\"x\":363,\"y\":274,\"width\":81,\"height\":37},{\"name\":\"weapon_1005_folder/a_folder/boss_zhl.0001\",\"x\":278,\"y\":277,\"width\":81,\"height\":37},{\"name\":\"mecha_1502b_folder/calf_l\",\"x\":446,\"y\":290,\"width\":122,\"height\":46},{\"name\":\"weapon_1005_folder/weapon_r_0\",\"x\":361,\"y\":313,\"width\":75,\"height\":40},{\"name\":\"weapon_1005_folder/c_folder/4\",\"x\":2,\"y\":315,\"width\":136,\"height\":46},{\"name\":\"bullet_01_f/bullet_01\",\"x\":278,\"y\":316,\"width\":74,\"height\":20},{\"name\":\"weapon_1005_folder/c_folder/3\",\"x\":140,\"y\":322,\"width\":136,\"height\":43},{\"name\":\"mecha_1502b_folder/calf_r\",\"x\":438,\"y\":338,\"width\":126,\"height\":52},{\"name\":\"mecha_1502b_folder/textures/thigh_1_r_1\",\"x\":278,\"y\":338,\"width\":55,\"height\":32},{\"name\":\"weapon_1502b_folder/image/paoguan_0001\",\"x\":335,\"y\":355,\"width\":94,\"height\":36},{\"name\":\"weapon_1502b_folder/back_r\",\"x\":2,\"y\":363,\"width\":121,\"height\":45},{\"name\":\"weapon_1502b_folder/back_l\",\"x\":125,\"y\":367,\"width\":116,\"height\":44},{\"name\":\"mecha_1502b_folder/textures/shouder_l_0\",\"x\":243,\"y\":372,\"width\":44,\"height\":39},{\"name\":\"mecha_1502b_folder/textures/shouder_r_1\",\"x\":289,\"y\":372,\"width\":43,\"height\":39},{\"name\":\"weapon_1005_folder/b_folder/1\",\"x\":431,\"y\":392,\"width\":109,\"height\":49},{\"name\":\"mecha_1502b_folder/textures/thigh_1_l_0\",\"x\":334,\"y\":393,\"width\":50,\"height\":32},{\"name\":\"weapon_1005_folder/b_folder/0\",\"x\":2,\"y\":410,\"width\":110,\"height\":47},{\"name\":\"weapon_1005_folder/b_folder/2\",\"x\":114,\"y\":413,\"width\":108,\"height\":45},{\"name\":\"weapon_1005_folder/b_folder/4\",\"x\":224,\"y\":413,\"width\":108,\"height\":42},{\"name\":\"weapon_1005_folder/b_folder/3\",\"x\":334,\"y\":443,\"width\":108,\"height\":41}]}",
  "texture": {
    "__uuid__": "a3b1dd93-0873-4fe8-af32-b347e6fe5d86"
  }
}