{
  "__type__": "cc.AnimationClip",
  "_name": "step_3",
  "_objFlags": 0,
  "_rawFiles": null,
  "_duration": 1,
  "sample": 60,
  "speed": 1,
  "wrapMode": 1,
  "curveData": {
    "props": {
      "position": [
        {
          "frame": 0,
          "value": [
            386,
            -236
          ],
          "curve": "quartOut"
        },
        {
          "frame": 0.9833333333333333,
          "value": [
            -360,
            -230
          ]
        }
      ]
    }
  },
  "events": [
    {
      "frame": 1,
      "func": "onNextAnimation",
      "params": [
        4
      ]
    }
  ]
}