{
  "__type__": "cc.AnimationClip",
  "_name": "tipsAnim",
  "_objFlags": 0,
  "_rawFiles": null,
  "_duration": 1,
  "sample": 60,
  "speed": 0.5,
  "wrapMode": 1,
  "curveData": {
    "props": {
      "y": [
        {
          "frame": 0,
          "value": 0
        },
        {
          "frame": 1,
          "value": 200
        }
      ],
      "opacity": [
        {
          "frame": 0.13333333333333333,
          "value": 255
        },
        {
          "frame": 1,
          "value": 0
        }
      ]
    }
  },
  "events": [
    {
      "frame": 1,
      "func": "onFinish",
      "params": []
    }
  ]
}