{
  "__type__": "cc.AnimationClip",
  "_name": "customAnim",
  "_objFlags": 0,
  "_rawFiles": null,
  "_duration": 6,
  "sample": 10,
  "speed": 1,
  "wrapMode": "22",
  "curveData": {
    "comps": {
      "AnimateCustomPropertyCtrl": {
        "hp": [
          {
            "frame": 0,
            "value": 0,
            "curve": "quintInOut"
          },
          {
            "frame": 3,
            "value": 1
          },
          {
            "frame": 6,
            "value": 0
          }
        ],
        "emissionRote": [
          {
            "frame": 0,
            "value": 0,
            "curve": "expoOut"
          },
          {
            "frame": 3,
            "value": 20
          },
          {
            "frame": 6,
            "value": 0
          }
        ],
        "num": [
          {
            "frame": 0,
            "value": 0
          },
          {
            "frame": 3,
            "value": 100
          },
          {
            "frame": 6,
            "value": 0
          }
        ]
      }
    }
  },
  "events": []
}