{
  "__type__": "cc.AnimationClip",
  "_name": "move_around",
  "_objFlags": 0,
  "_duration": 2.0166666666666666,
  "sample": 60,
  "speed": 1,
  "wrapMode": 22,
  "curveData": {
    "props": {
      "position": [
        {
          "frame": 0,
          "value": [
            -400,
            0
          ]
        },
        {
          "frame": 0.5,
          "value": [
            0,
            250
          ]
        },
        {
          "frame": 1,
          "value": [
            400,
            0
          ]
        },
        {
          "frame": 1.5,
          "value": [
            0,
            -250
          ]
        },
        {
          "frame": 2.0166666666666666,
          "value": [
            -400,
            0
          ]
        }
      ]
    }
  },
  "events": []
}