{
  "__type__": "dragonBones.DragonBonesAtlasAsset",
  "_name": "texture",
  "_objFlags": 0,
  "_rawFiles": null,
  "_atlasJson": "{\"imagePath\":\"texture.png\",\"name\":\"NewDragonTest\",\"SubTexture\":[{\"x\":1,\"y\":342,\"width\":447,\"name\":\"tail\",\"height\":191},{\"x\":326,\"y\":1,\"width\":270,\"name\":\"chibangL2\",\"height\":273},{\"x\":1,\"y\":761,\"width\":95,\"name\":\"chibangL1\",\"height\":62},{\"x\":955,\"y\":466,\"width\":62,\"name\":\"dabiL\",\"height\":68},{\"x\":839,\"y\":216,\"width\":104,\"name\":\"xiaobiL\",\"height\":45},{\"x\":524,\"y\":650,\"width\":75,\"name\":\"shouL\",\"height\":76},{\"x\":1,\"y\":690,\"width\":97,\"name\":\"jiaoL\",\"height\":69},{\"x\":437,\"y\":720,\"width\":67,\"name\":\"xiaotuiL\",\"height\":31},{\"x\":437,\"y\":650,\"width\":85,\"name\":\"datuiL\",\"height\":68},{\"x\":598,\"y\":1,\"width\":239,\"name\":\"shenti\",\"height\":267},{\"x\":753,\"y\":270,\"width\":263,\"name\":\"bozixia\",\"height\":194},{\"x\":450,\"y\":276,\"width\":301,\"name\":\"bozishang\",\"height\":230},{\"x\":1,\"y\":535,\"width\":107,\"name\":\"toujiaoL\",\"height\":153},{\"x\":945,\"y\":216,\"width\":71,\"name\":\"tou1\",\"height\":46},{\"x\":638,\"y\":508,\"width\":106,\"name\":\"chujiao\",\"height\":112},{\"x\":110,\"y\":535,\"width\":118,\"name\":\"er\",\"height\":122},{\"x\":450,\"y\":508,\"width\":186,\"name\":\"zui\",\"height\":140},{\"x\":753,\"y\":466,\"width\":200,\"name\":\"toujiaoR\",\"height\":156},{\"x\":839,\"y\":1,\"width\":176,\"name\":\"tou\",\"height\":213},{\"x\":110,\"y\":682,\"width\":91,\"name\":\"jiaoR\",\"height\":105},{\"x\":955,\"y\":536,\"width\":61,\"name\":\"xiaotuiR\",\"height\":65},{\"x\":351,\"y\":535,\"width\":86,\"name\":\"datuiR\",\"height\":113},{\"x\":1,\"y\":1,\"width\":323,\"name\":\"chibangR2\",\"height\":339},{\"x\":326,\"y\":650,\"width\":109,\"name\":\"chibangR1\",\"height\":73},{\"x\":230,\"y\":535,\"width\":119,\"name\":\"jianbang\",\"height\":100},{\"x\":326,\"y\":725,\"width\":87,\"name\":\"dabiR\",\"height\":55},{\"x\":326,\"y\":276,\"width\":122,\"name\":\"xiaobiR\",\"height\":61},{\"x\":230,\"y\":637,\"width\":94,\"name\":\"shouR\",\"height\":103},{\"x\":638,\"y\":624,\"width\":372,\"name\":\"author\",\"height\":56}]}",
  "texture": {
    "__uuid__": "7e31a28d-8fbd-4bb2-8969-de857fee3876"
  }
}