{
  "__type__": "cc.AnimationClip",
  "_name": "heroPush",
  "_objFlags": 0,
  "_rawFiles": null,
  "_duration": 0.26666666666666666,
  "sample": 30,
  "speed": 1,
  "wrapMode": 2,
  "curveData": {
    "comps": {
      "cc.Sprite": {
        "spriteFrame": [
          {
            "frame": 0,
            "value": {
              "__uuid__": "bb6469f0-6339-4ca8-8744-74211f590860"
            }
          },
          {
            "frame": 0.13333333333333333,
            "value": {
              "__uuid__": "2396da30-5f0b-4418-894e-3a57259bc334"
            }
          },
          {
            "frame": 0.23333333333333334,
            "value": {
              "__uuid__": "bb6469f0-6339-4ca8-8744-74211f590860"
            }
          }
        ]
      }
    }
  },
  "events": []
}