{
  "__type__": "cc.AnimationClip",
  "_name": "topWidget",
  "_objFlags": 0,
  "_rawFiles": null,
  "_duration": 1,
  "sample": 60,
  "speed": 1,
  "wrapMode": 22,
  "curveData": {
    "comps": {
      "cc.Widget": {
        "top": [
          {
            "frame": 0,
            "value": 550
          },
          {
            "frame": 1,
            "value": 200
          }
        ]
      }
    },
    "props": {
      "scaleY": [
        {
          "frame": 0,
          "value": 1
        },
        {
          "frame": 0.5,
          "value": 0
        }
      ]
    }
  },
  "events": []
}