[
  {
    "__type__": "cc.Prefab",
    "_name": "Monster",
    "_objFlags": 0,
    "_rawFiles": null,
    "data": {
      "__id__": 1
    }
  },
  {
    "__type__": "cc.Node",
    "_name": "Monster",
    "_objFlags": 0,
    "_opacity": 255,
    "_color": {
      "__type__": "cc.Color",
      "r": 255,
      "g": 255,
      "b": 255,
      "a": 255
    },
    "_cascadeOpacityEnabled": true,
    "_parent": null,
    "_anchorPoint": {
      "__type__": "cc.Vec2",
      "x": 0.5,
      "y": 0.5
    },
    "_contentSize": {
      "__type__": "cc.Size",
      "width": 0,
      "height": 0
    },
    "_children": [
      {
        "__id__": 2
      },
      {
        "__id__": 10
      },
      {
        "__id__": 18
      },
      {
        "__id__": 26
      },
      {
        "__id__": 34
      },
      {
        "__id__": 42
      }
    ],
    "_rotationX": 0,
    "_rotationY": 0,
    "_scaleX": 1,
    "_scaleY": 1,
    "_position": {
      "__type__": "cc.Vec2",
      "x": 0,
      "y": 0
    },
    "_skewX": 0,
    "_skewY": 0,
    "_localZOrder": 0,
    "_globalZOrder": 0,
    "_tag": -1,
    "_opacityModifyRGB": false,
    "_id": "",
    "_active": true,
    "_components": [
      {
        "__id__": 45
      }
    ],
    "_prefab": {
      "__id__": 46
    }
  },
  {
    "__type__": "cc.Node",
    "_name": "NameNode",
    "_objFlags": 0,
    "_opacity": 255,
    "_color": {
      "__type__": "cc.Color",
      "r": 255,
      "g": 255,
      "b": 255,
      "a": 255
    },
    "_cascadeOpacityEnabled": true,
    "_parent": {
      "__id__": 1
    },
    "_anchorPoint": {
      "__type__": "cc.Vec2",
      "x": 0.5,
      "y": 0.5
    },
    "_contentSize": {
      "__type__": "cc.Size",
      "width": 0,
      "height": 50
    },
    "_children": [
      {
        "__id__": 3
      },
      {
        "__id__": 6
      }
    ],
    "_rotationX": 0,
    "_rotationY": 0,
    "_scaleX": 1,
    "_scaleY": 1,
    "_position": {
      "__type__": "cc.Vec2",
      "x": -92,
      "y": -147
    },
    "_skewX": 0,
    "_skewY": 0,
    "_localZOrder": 0,
    "_globalZOrder": 0,
    "_tag": -1,
    "_opacityModifyRGB": false,
    "_id": "",
    "_active": true,
    "_components": [],
    "_prefab": {
      "__id__": 9
    }
  },
  {
    "__type__": "cc.Node",
    "_name": "Tips",
    "_objFlags": 0,
    "_opacity": 255,
    "_color": {
      "__type__": "cc.Color",
      "r": 255,
      "g": 255,
      "b": 255,
      "a": 255
    },
    "_cascadeOpacityEnabled": true,
    "_parent": {
      "__id__": 2
    },
    "_anchorPoint": {
      "__type__": "cc.Vec2",
      "x": 0.5,
      "y": 0.5
    },
    "_contentSize": {
      "__type__": "cc.Size",
      "width": 124.44444444444444,
      "height": 44.44444444444444
    },
    "_children": [],
    "_rotationX": 0,
    "_rotationY": 0,
    "_scaleX": 1,
    "_scaleY": 1,
    "_position": {
      "__type__": "cc.Vec2",
      "x": -73,
      "y": 0
    },
    "_skewX": 0,
    "_skewY": 0,
    "_localZOrder": 0,
    "_globalZOrder": 0,
    "_tag": -1,
    "_opacityModifyRGB": false,
    "_id": "",
    "_active": true,
    "_components": [
      {
        "__id__": 4
      }
    ],
    "_prefab": {
      "__id__": 5
    }
  },
  {
    "__type__": "e4f88adp3hERoJ48DZ2PSAl",
    "_name": "",
    "_objFlags": 0,
    "node": {
      "__id__": 3
    },
    "_enabled": true,
    "_useOriginalSize": false,
    "_fontSize": 40,
    "_lineHeight": 40,
    "_enableWrapText": true,
    "_isSystemFontUsed": true,
    "_N$string": "Name:",
    "_N$horizontalAlign": 0,
    "_N$verticalAlign": 1,
    "_N$overflow": 0,
    "_N$textKey": "res/prefabs/Monster.prefab.3"
  },
  {
    "__type__": "cc.PrefabInfo",
    "root": {
      "__id__": 1
    },
    "asset": null,
    "fileId": "f9f9dMUHdxPK7wPq2ZMbJG2"
  },
  {
    "__type__": "cc.Node",
    "_name": "Name",
    "_objFlags": 0,
    "_opacity": 255,
    "_color": {
      "__type__": "cc.Color",
      "r": 255,
      "g": 255,
      "b": 255,
      "a": 255
    },
    "_cascadeOpacityEnabled": true,
    "_parent": {
      "__id__": 2
    },
    "_anchorPoint": {
      "__type__": "cc.Vec2",
      "x": 0,
      "y": 0.5
    },
    "_contentSize": {
      "__type__": "cc.Size",
      "width": 82,
      "height": 40
    },
    "_children": [],
    "_rotationX": 0,
    "_rotationY": 0,
    "_scaleX": 1,
    "_scaleY": 1,
    "_position": {
      "__type__": "cc.Vec2",
      "x": -10,
      "y": 0
    },
    "_skewX": 0,
    "_skewY": 0,
    "_localZOrder": 0,
    "_globalZOrder": 0,
    "_tag": -1,
    "_opacityModifyRGB": false,
    "_id": "",
    "_active": true,
    "_components": [
      {
        "__id__": 7
      }
    ],
    "_prefab": {
      "__id__": 8
    }
  },
  {
    "__type__": "cc.Label",
    "_name": "",
    "_objFlags": 0,
    "node": {
      "__id__": 6
    },
    "_enabled": true,
    "_useOriginalSize": false,
    "_fontSize": 40,
    "_lineHeight": 40,
    "_enableWrapText": true,
    "_isSystemFontUsed": false,
    "_N$string": "????",
    "_N$horizontalAlign": 0,
    "_N$verticalAlign": 1,
    "_N$overflow": 0,
    "_N$file": {
      "__uuid__": "768d8449-75a1-4cd9-8958-c1d885d5dd24"
    }
  },
  {
    "__type__": "cc.PrefabInfo",
    "root": {
      "__id__": 1
    },
    "asset": null,
    "fileId": "757d1J7EOVIKqrShVMa4Mjw"
  },
  {
    "__type__": "cc.PrefabInfo",
    "root": {
      "__id__": 1
    },
    "asset": null,
    "fileId": "afa77P1kehOCrMrjCSosLUd"
  },
  {
    "__type__": "cc.Node",
    "_name": "LvNode",
    "_objFlags": 0,
    "_opacity": 255,
    "_color": {
      "__type__": "cc.Color",
      "r": 255,
      "g": 255,
      "b": 255,
      "a": 255
    },
    "_cascadeOpacityEnabled": true,
    "_parent": {
      "__id__": 1
    },
    "_anchorPoint": {
      "__type__": "cc.Vec2",
      "x": 0.5,
      "y": 0.5
    },
    "_contentSize": {
      "__type__": "cc.Size",
      "width": 0,
      "height": 50
    },
    "_children": [
      {
        "__id__": 11
      },
      {
        "__id__": 14
      }
    ],
    "_rotationX": 0,
    "_rotationY": 0,
    "_scaleX": 1,
    "_scaleY": 1,
    "_position": {
      "__type__": "cc.Vec2",
      "x": 220,
      "y": 27
    },
    "_skewX": 0,
    "_skewY": 0,
    "_localZOrder": 0,
    "_globalZOrder": 0,
    "_tag": -1,
    "_opacityModifyRGB": false,
    "_id": "",
    "_active": true,
    "_components": [],
    "_prefab": {
      "__id__": 17
    }
  },
  {
    "__type__": "cc.Node",
    "_name": "Tips",
    "_objFlags": 0,
    "_opacity": 255,
    "_color": {
      "__type__": "cc.Color",
      "r": 255,
      "g": 255,
      "b": 255,
      "a": 255
    },
    "_cascadeOpacityEnabled": true,
    "_parent": {
      "__id__": 10
    },
    "_anchorPoint": {
      "__type__": "cc.Vec2",
      "x": 0.5,
      "y": 0.5
    },
    "_contentSize": {
      "__type__": "cc.Size",
      "width": 121.11111111111111,
      "height": 44.44444444444444
    },
    "_children": [],
    "_rotationX": 0,
    "_rotationY": 0,
    "_scaleX": 1,
    "_scaleY": 1,
    "_position": {
      "__type__": "cc.Vec2",
      "x": -87,
      "y": 0
    },
    "_skewX": 0,
    "_skewY": 0,
    "_localZOrder": 0,
    "_globalZOrder": 0,
    "_tag": -1,
    "_opacityModifyRGB": false,
    "_id": "",
    "_active": true,
    "_components": [
      {
        "__id__": 12
      }
    ],
    "_prefab": {
      "__id__": 13
    }
  },
  {
    "__type__": "e4f88adp3hERoJ48DZ2PSAl",
    "_name": "",
    "_objFlags": 0,
    "node": {
      "__id__": 11
    },
    "_enabled": true,
    "_useOriginalSize": false,
    "_fontSize": 40,
    "_lineHeight": 40,
    "_enableWrapText": true,
    "_isSystemFontUsed": true,
    "_N$string": "Level :",
    "_N$horizontalAlign": 2,
    "_N$verticalAlign": 1,
    "_N$overflow": 0,
    "_N$textKey": "res/prefabs/Monster.prefab.11"
  },
  {
    "__type__": "cc.PrefabInfo",
    "root": {
      "__id__": 1
    },
    "asset": null,
    "fileId": "667d5/ees9BzJvGXjFNweoZ"
  },
  {
    "__type__": "cc.Node",
    "_name": "Lv",
    "_objFlags": 0,
    "_opacity": 255,
    "_color": {
      "__type__": "cc.Color",
      "r": 255,
      "g": 255,
      "b": 255,
      "a": 255
    },
    "_cascadeOpacityEnabled": true,
    "_parent": {
      "__id__": 10
    },
    "_anchorPoint": {
      "__type__": "cc.Vec2",
      "x": 0,
      "y": 0.5
    },
    "_contentSize": {
      "__type__": "cc.Size",
      "width": 62,
      "height": 40
    },
    "_children": [],
    "_rotationX": 0,
    "_rotationY": 0,
    "_scaleX": 1,
    "_scaleY": 1,
    "_position": {
      "__type__": "cc.Vec2",
      "x": -10,
      "y": 0
    },
    "_skewX": 0,
    "_skewY": 0,
    "_localZOrder": 0,
    "_globalZOrder": 0,
    "_tag": -1,
    "_opacityModifyRGB": false,
    "_id": "",
    "_active": true,
    "_components": [
      {
        "__id__": 15
      }
    ],
    "_prefab": {
      "__id__": 16
    }
  },
  {
    "__type__": "cc.Label",
    "_name": "",
    "_objFlags": 0,
    "node": {
      "__id__": 14
    },
    "_enabled": true,
    "_useOriginalSize": false,
    "_fontSize": 40,
    "_lineHeight": 40,
    "_enableWrapText": true,
    "_isSystemFontUsed": false,
    "_N$string": "???",
    "_N$horizontalAlign": 0,
    "_N$verticalAlign": 1,
    "_N$overflow": 0,
    "_N$file": {
      "__uuid__": "768d8449-75a1-4cd9-8958-c1d885d5dd24"
    }
  },
  {
    "__type__": "cc.PrefabInfo",
    "root": {
      "__id__": 1
    },
    "asset": null,
    "fileId": "e6b2cVsiyFIOb+RtW+scGhc"
  },
  {
    "__type__": "cc.PrefabInfo",
    "root": {
      "__id__": 1
    },
    "asset": null,
    "fileId": "d804ebJ90VIQJ5gHP5vC75X"
  },
  {
    "__type__": "cc.Node",
    "_name": "HpNode",
    "_objFlags": 0,
    "_opacity": 255,
    "_color": {
      "__type__": "cc.Color",
      "r": 255,
      "g": 255,
      "b": 255,
      "a": 255
    },
    "_cascadeOpacityEnabled": true,
    "_parent": {
      "__id__": 1
    },
    "_anchorPoint": {
      "__type__": "cc.Vec2",
      "x": 0.5,
      "y": 0.5
    },
    "_contentSize": {
      "__type__": "cc.Size",
      "width": 0,
      "height": 50
    },
    "_children": [
      {
        "__id__": 19
      },
      {
        "__id__": 22
      }
    ],
    "_rotationX": 0,
    "_rotationY": 0,
    "_scaleX": 1,
    "_scaleY": 1,
    "_position": {
      "__type__": "cc.Vec2",
      "x": 220,
      "y": 77
    },
    "_skewX": 0,
    "_skewY": 0,
    "_localZOrder": 0,
    "_globalZOrder": 0,
    "_tag": -1,
    "_opacityModifyRGB": false,
    "_id": "",
    "_active": true,
    "_components": [],
    "_prefab": {
      "__id__": 25
    }
  },
  {
    "__type__": "cc.Node",
    "_name": "Tips",
    "_objFlags": 0,
    "_opacity": 255,
    "_color": {
      "__type__": "cc.Color",
      "r": 255,
      "g": 255,
      "b": 255,
      "a": 255
    },
    "_cascadeOpacityEnabled": true,
    "_parent": {
      "__id__": 18
    },
    "_anchorPoint": {
      "__type__": "cc.Vec2",
      "x": 0.5,
      "y": 0.5
    },
    "_contentSize": {
      "__type__": "cc.Size",
      "width": 82.22222222222223,
      "height": 44.44444444444444
    },
    "_children": [],
    "_rotationX": 0,
    "_rotationY": 0,
    "_scaleX": 1,
    "_scaleY": 1,
    "_position": {
      "__type__": "cc.Vec2",
      "x": -68,
      "y": 0
    },
    "_skewX": 0,
    "_skewY": 0,
    "_localZOrder": 0,
    "_globalZOrder": 0,
    "_tag": -1,
    "_opacityModifyRGB": false,
    "_id": "",
    "_active": true,
    "_components": [
      {
        "__id__": 20
      }
    ],
    "_prefab": {
      "__id__": 21
    }
  },
  {
    "__type__": "e4f88adp3hERoJ48DZ2PSAl",
    "_name": "",
    "_objFlags": 0,
    "node": {
      "__id__": 19
    },
    "_enabled": true,
    "_useOriginalSize": false,
    "_fontSize": 40,
    "_lineHeight": 40,
    "_enableWrapText": true,
    "_isSystemFontUsed": true,
    "_N$string": "Hp :",
    "_N$horizontalAlign": 0,
    "_N$verticalAlign": 1,
    "_N$overflow": 0,
    "_N$textKey": "res/prefabs/Monster.prefab.19"
  },
  {
    "__type__": "cc.PrefabInfo",
    "root": {
      "__id__": 1
    },
    "asset": null,
    "fileId": "3e54ed8hoZPvIj0yKh2PmeD"
  },
  {
    "__type__": "cc.Node",
    "_name": "Hp",
    "_objFlags": 0,
    "_opacity": 255,
    "_color": {
      "__type__": "cc.Color",
      "r": 255,
      "g": 255,
      "b": 255,
      "a": 255
    },
    "_cascadeOpacityEnabled": true,
    "_parent": {
      "__id__": 18
    },
    "_anchorPoint": {
      "__type__": "cc.Vec2",
      "x": 0,
      "y": 0.5
    },
    "_contentSize": {
      "__type__": "cc.Size",
      "width": 62,
      "height": 40
    },
    "_children": [],
    "_rotationX": 0,
    "_rotationY": 0,
    "_scaleX": 1,
    "_scaleY": 1,
    "_position": {
      "__type__": "cc.Vec2",
      "x": -10,
      "y": 0
    },
    "_skewX": 0,
    "_skewY": 0,
    "_localZOrder": 0,
    "_globalZOrder": 0,
    "_tag": -1,
    "_opacityModifyRGB": false,
    "_id": "",
    "_active": true,
    "_components": [
      {
        "__id__": 23
      }
    ],
    "_prefab": {
      "__id__": 24
    }
  },
  {
    "__type__": "cc.Label",
    "_name": "",
    "_objFlags": 0,
    "node": {
      "__id__": 22
    },
    "_enabled": true,
    "_useOriginalSize": false,
    "_fontSize": 40,
    "_lineHeight": 40,
    "_enableWrapText": true,
    "_isSystemFontUsed": false,
    "_N$string": "???",
    "_N$horizontalAlign": 0,
    "_N$verticalAlign": 1,
    "_N$overflow": 0,
    "_N$file": {
      "__uuid__": "768d8449-75a1-4cd9-8958-c1d885d5dd24"
    }
  },
  {
    "__type__": "cc.PrefabInfo",
    "root": {
      "__id__": 1
    },
    "asset": null,
    "fileId": "22312vRpqNH6pUHY7gTTiQd"
  },
  {
    "__type__": "cc.PrefabInfo",
    "root": {
      "__id__": 1
    },
    "asset": null,
    "fileId": "06cc4w6emdA3Ll8JGRHzRkl"
  },
  {
    "__type__": "cc.Node",
    "_name": "AtkNode",
    "_objFlags": 0,
    "_opacity": 255,
    "_color": {
      "__type__": "cc.Color",
      "r": 255,
      "g": 255,
      "b": 255,
      "a": 255
    },
    "_cascadeOpacityEnabled": true,
    "_parent": {
      "__id__": 1
    },
    "_anchorPoint": {
      "__type__": "cc.Vec2",
      "x": 0.5,
      "y": 0.5
    },
    "_contentSize": {
      "__type__": "cc.Size",
      "width": 0,
      "height": 50
    },
    "_children": [
      {
        "__id__": 27
      },
      {
        "__id__": 30
      }
    ],
    "_rotationX": 0,
    "_rotationY": 0,
    "_scaleX": 1,
    "_scaleY": 1,
    "_position": {
      "__type__": "cc.Vec2",
      "x": 220,
      "y": -23
    },
    "_skewX": 0,
    "_skewY": 0,
    "_localZOrder": 0,
    "_globalZOrder": 0,
    "_tag": -1,
    "_opacityModifyRGB": false,
    "_id": "",
    "_active": true,
    "_components": [],
    "_prefab": {
      "__id__": 33
    }
  },
  {
    "__type__": "cc.Node",
    "_name": "Tips",
    "_objFlags": 0,
    "_opacity": 255,
    "_color": {
      "__type__": "cc.Color",
      "r": 255,
      "g": 255,
      "b": 255,
      "a": 255
    },
    "_cascadeOpacityEnabled": true,
    "_parent": {
      "__id__": 26
    },
    "_anchorPoint": {
      "__type__": "cc.Vec2",
      "x": 0.5,
      "y": 0.5
    },
    "_contentSize": {
      "__type__": "cc.Size",
      "width": 151.11111111111111,
      "height": 44.44444444444444
    },
    "_children": [],
    "_rotationX": 0,
    "_rotationY": 0,
    "_scaleX": 1,
    "_scaleY": 1,
    "_position": {
      "__type__": "cc.Vec2",
      "x": -104,
      "y": 0
    },
    "_skewX": 0,
    "_skewY": 0,
    "_localZOrder": 0,
    "_globalZOrder": 0,
    "_tag": -1,
    "_opacityModifyRGB": false,
    "_id": "",
    "_active": true,
    "_components": [
      {
        "__id__": 28
      }
    ],
    "_prefab": {
      "__id__": 29
    }
  },
  {
    "__type__": "e4f88adp3hERoJ48DZ2PSAl",
    "_name": "",
    "_objFlags": 0,
    "node": {
      "__id__": 27
    },
    "_enabled": true,
    "_useOriginalSize": false,
    "_fontSize": 40,
    "_lineHeight": 40,
    "_enableWrapText": true,
    "_isSystemFontUsed": true,
    "_N$string": "Attack :",
    "_N$horizontalAlign": 0,
    "_N$verticalAlign": 1,
    "_N$overflow": 0,
    "_N$textKey": "res/prefabs/Monster.prefab.27"
  },
  {
    "__type__": "cc.PrefabInfo",
    "root": {
      "__id__": 1
    },
    "asset": null,
    "fileId": "c5987na6XdOOJB5COwXTZfb"
  },
  {
    "__type__": "cc.Node",
    "_name": "Atk",
    "_objFlags": 0,
    "_opacity": 255,
    "_color": {
      "__type__": "cc.Color",
      "r": 255,
      "g": 255,
      "b": 255,
      "a": 255
    },
    "_cascadeOpacityEnabled": true,
    "_parent": {
      "__id__": 26
    },
    "_anchorPoint": {
      "__type__": "cc.Vec2",
      "x": 0,
      "y": 0.5
    },
    "_contentSize": {
      "__type__": "cc.Size",
      "width": 62,
      "height": 40
    },
    "_children": [],
    "_rotationX": 0,
    "_rotationY": 0,
    "_scaleX": 1,
    "_scaleY": 1,
    "_position": {
      "__type__": "cc.Vec2",
      "x": -10,
      "y": 0
    },
    "_skewX": 0,
    "_skewY": 0,
    "_localZOrder": 0,
    "_globalZOrder": 0,
    "_tag": -1,
    "_opacityModifyRGB": false,
    "_id": "",
    "_active": true,
    "_components": [
      {
        "__id__": 31
      }
    ],
    "_prefab": {
      "__id__": 32
    }
  },
  {
    "__type__": "cc.Label",
    "_name": "",
    "_objFlags": 0,
    "node": {
      "__id__": 30
    },
    "_enabled": true,
    "_useOriginalSize": false,
    "_fontSize": 40,
    "_lineHeight": 40,
    "_enableWrapText": true,
    "_isSystemFontUsed": false,
    "_N$string": "???",
    "_N$horizontalAlign": 0,
    "_N$verticalAlign": 1,
    "_N$overflow": 0,
    "_N$file": {
      "__uuid__": "768d8449-75a1-4cd9-8958-c1d885d5dd24"
    }
  },
  {
    "__type__": "cc.PrefabInfo",
    "root": {
      "__id__": 1
    },
    "asset": null,
    "fileId": "7ef49iCp7JElrbKjBNBDyT2"
  },
  {
    "__type__": "cc.PrefabInfo",
    "root": {
      "__id__": 1
    },
    "asset": null,
    "fileId": "09153mGzfZCyYmRToIqkPKt"
  },
  {
    "__type__": "cc.Node",
    "_name": "DefenseNode",
    "_objFlags": 0,
    "_opacity": 255,
    "_color": {
      "__type__": "cc.Color",
      "r": 255,
      "g": 255,
      "b": 255,
      "a": 255
    },
    "_cascadeOpacityEnabled": true,
    "_parent": {
      "__id__": 1
    },
    "_anchorPoint": {
      "__type__": "cc.Vec2",
      "x": 0.5,
      "y": 0.5
    },
    "_contentSize": {
      "__type__": "cc.Size",
      "width": 0,
      "height": 50
    },
    "_children": [
      {
        "__id__": 35
      },
      {
        "__id__": 38
      }
    ],
    "_rotationX": 0,
    "_rotationY": 0,
    "_scaleX": 1,
    "_scaleY": 1,
    "_position": {
      "__type__": "cc.Vec2",
      "x": 220,
      "y": -73
    },
    "_skewX": 0,
    "_skewY": 0,
    "_localZOrder": 0,
    "_globalZOrder": 0,
    "_tag": -1,
    "_opacityModifyRGB": false,
    "_id": "",
    "_active": true,
    "_components": [],
    "_prefab": {
      "__id__": 41
    }
  },
  {
    "__type__": "cc.Node",
    "_name": "Tips",
    "_objFlags": 0,
    "_opacity": 255,
    "_color": {
      "__type__": "cc.Color",
      "r": 255,
      "g": 255,
      "b": 255,
      "a": 255
    },
    "_cascadeOpacityEnabled": true,
    "_parent": {
      "__id__": 34
    },
    "_anchorPoint": {
      "__type__": "cc.Vec2",
      "x": 0.5,
      "y": 0.5
    },
    "_contentSize": {
      "__type__": "cc.Size",
      "width": 173.33333333333331,
      "height": 44.44444444444444
    },
    "_children": [],
    "_rotationX": 0,
    "_rotationY": 0,
    "_scaleX": 1,
    "_scaleY": 1,
    "_position": {
      "__type__": "cc.Vec2",
      "x": -116,
      "y": 0
    },
    "_skewX": 0,
    "_skewY": 0,
    "_localZOrder": 0,
    "_globalZOrder": 0,
    "_tag": -1,
    "_opacityModifyRGB": false,
    "_id": "",
    "_active": true,
    "_components": [
      {
        "__id__": 36
      }
    ],
    "_prefab": {
      "__id__": 37
    }
  },
  {
    "__type__": "e4f88adp3hERoJ48DZ2PSAl",
    "_name": "",
    "_objFlags": 0,
    "node": {
      "__id__": 35
    },
    "_enabled": true,
    "_useOriginalSize": false,
    "_fontSize": 40,
    "_lineHeight": 40,
    "_enableWrapText": true,
    "_isSystemFontUsed": true,
    "_N$string": "Defense :",
    "_N$horizontalAlign": 2,
    "_N$verticalAlign": 1,
    "_N$overflow": 0,
    "_N$textKey": "res/prefabs/Monster.prefab.35"
  },
  {
    "__type__": "cc.PrefabInfo",
    "root": {
      "__id__": 1
    },
    "asset": null,
    "fileId": "9cf4a16sjBOBLUcaHDnaAOd"
  },
  {
    "__type__": "cc.Node",
    "_name": "Defense",
    "_objFlags": 0,
    "_opacity": 255,
    "_color": {
      "__type__": "cc.Color",
      "r": 255,
      "g": 255,
      "b": 255,
      "a": 255
    },
    "_cascadeOpacityEnabled": true,
    "_parent": {
      "__id__": 34
    },
    "_anchorPoint": {
      "__type__": "cc.Vec2",
      "x": 0,
      "y": 0.5
    },
    "_contentSize": {
      "__type__": "cc.Size",
      "width": 62,
      "height": 40
    },
    "_children": [],
    "_rotationX": 0,
    "_rotationY": 0,
    "_scaleX": 1,
    "_scaleY": 1,
    "_position": {
      "__type__": "cc.Vec2",
      "x": -10,
      "y": 0
    },
    "_skewX": 0,
    "_skewY": 0,
    "_localZOrder": 0,
    "_globalZOrder": 0,
    "_tag": -1,
    "_opacityModifyRGB": false,
    "_id": "",
    "_active": true,
    "_components": [
      {
        "__id__": 39
      }
    ],
    "_prefab": {
      "__id__": 40
    }
  },
  {
    "__type__": "cc.Label",
    "_name": "",
    "_objFlags": 0,
    "node": {
      "__id__": 38
    },
    "_enabled": true,
    "_useOriginalSize": false,
    "_fontSize": 40,
    "_lineHeight": 40,
    "_enableWrapText": true,
    "_isSystemFontUsed": false,
    "_N$string": "???",
    "_N$horizontalAlign": 0,
    "_N$verticalAlign": 1,
    "_N$overflow": 0,
    "_N$file": {
      "__uuid__": "768d8449-75a1-4cd9-8958-c1d885d5dd24"
    }
  },
  {
    "__type__": "cc.PrefabInfo",
    "root": {
      "__id__": 1
    },
    "asset": null,
    "fileId": "aae90z+DThEf55Yih72ALX1"
  },
  {
    "__type__": "cc.PrefabInfo",
    "root": {
      "__id__": 1
    },
    "asset": null,
    "fileId": "e7ab3wn0DpDD6JmA6ZBSyW9"
  },
  {
    "__type__": "cc.Node",
    "_name": "Image",
    "_objFlags": 0,
    "_opacity": 255,
    "_color": {
      "__type__": "cc.Color",
      "r": 255,
      "g": 255,
      "b": 255,
      "a": 255
    },
    "_cascadeOpacityEnabled": true,
    "_parent": {
      "__id__": 1
    },
    "_anchorPoint": {
      "__type__": "cc.Vec2",
      "x": 0.5,
      "y": 0.5
    },
    "_contentSize": {
      "__type__": "cc.Size",
      "width": 78,
      "height": 67
    },
    "_children": [],
    "_rotationX": 0,
    "_rotationY": 0,
    "_scaleX": 2,
    "_scaleY": 2,
    "_position": {
      "__type__": "cc.Vec2",
      "x": -140,
      "y": -4
    },
    "_skewX": 0,
    "_skewY": 0,
    "_localZOrder": 0,
    "_globalZOrder": 0,
    "_tag": -1,
    "_opacityModifyRGB": false,
    "_id": "",
    "_active": true,
    "_components": [
      {
        "__id__": 43
      }
    ],
    "_prefab": {
      "__id__": 44
    }
  },
  {
    "__type__": "cc.Sprite",
    "_name": "",
    "_objFlags": 0,
    "node": {
      "__id__": 42
    },
    "_enabled": true,
    "_spriteFrame": null,
    "_type": 0,
    "_useOriginalSize": true,
    "_sizeMode": 1,
    "_fillType": 0,
    "_fillCenter": {
      "__type__": "cc.Vec2",
      "x": 0,
      "y": 0
    },
    "_fillStart": 0,
    "_fillRange": 0,
    "_isTrimmedMode": true,
    "_srcBlendFactor": 770,
    "_dstBlendFactor": 771,
    "_atlas": null
  },
  {
    "__type__": "cc.PrefabInfo",
    "root": {
      "__id__": 1
    },
    "asset": null,
    "fileId": "39ae67LjI9OQIW5rEZ/0HhY"
  },
  {
    "__type__": "e31b0+PoDRJXIDHFxy60vEs",
    "_name": "",
    "_objFlags": 0,
    "node": {
      "__id__": 1
    },
    "_enabled": true,
    "nickname": {
      "__id__": 7
    },
    "lv": {
      "__id__": 15
    },
    "hp": {
      "__id__": 23
    },
    "atk": {
      "__id__": 31
    },
    "defense": {
      "__id__": 39
    },
    "image": {
      "__id__": 43
    }
  },
  {
    "__type__": "cc.PrefabInfo",
    "root": {
      "__id__": 1
    },
    "asset": null,
    "fileId": "ec010bXO5JAq6pFrhc51cjP"
  }
]