{
  "__type__": "cc.AnimationClip",
  "_name": "sheepRun",
  "_objFlags": 0,
  "_rawFiles": null,
  "_duration": 0.8,
  "sample": 5,
  "speed": 1,
  "wrapMode": 2,
  "curveData": {
    "comps": {
      "cc.Sprite": {
        "spriteFrame": [
          {
            "frame": 0,
            "value": {
              "__uuid__": "23eb8387-ca49-4121-be68-56054ee539d8"
            }
          },
          {
            "frame": 0.2,
            "value": {
              "__uuid__": "a57012ff-2334-4d99-a651-62ccbf1444c8"
            }
          },
          {
            "frame": 0.4,
            "value": {
              "__uuid__": "5597fdf5-3cfc-45e5-b989-320c6a359428"
            }
          },
          {
            "frame": 0.6,
            "value": {
              "__uuid__": "1d0db5b6-122b-4920-88d1-620c53a32a27"
            }
          }
        ]
      }
    },
    "props": {
      "position": []
    }
  },
  "events": []
}