{
  "__type__": "cc.AnimationClip",
  "_name": "back-forward",
  "_objFlags": 0,
  "_rawFiles": null,
  "_duration": 1,
  "sample": 10,
  "speed": 1,
  "wrapMode": "22",
  "curveData": {
    "props": {
      "position": [
        {
          "frame": 0,
          "value": [
            -400,
            -246
          ],
          "curve": [
            0.18,
            0.89,
            0.31,
            1.21
          ]
        },
        {
          "frame": 1,
          "value": [
            151,
            243
          ]
        }
      ]
    }
  },
  "events": []
}