{
  "__type__": "cc.AnimationClip",
  "_name": "perfect_anim",
  "_objFlags": 0,
  "_rawFiles": null,
  "_duration": 1,
  "sample": 10,
  "speed": 1,
  "wrapMode": 1,
  "curveData": {
    "props": {
      "opacity": [
        {
          "frame": 0,
          "value": 0
        },
        {
          "frame": 1,
          "value": 255
        }
      ]
    }
  },
  "events": [
    {
      "frame": 0,
      "func": "showLabel",
      "params": []
    },
    {
      "frame": 1,
      "func": "removeLabel",
      "params": []
    }
  ]
}