{
  "__type__": "cc.AnimationClip",
  "_name": "step_4",
  "_objFlags": 0,
  "_rawFiles": null,
  "_duration": 1,
  "sample": 60,
  "speed": 1,
  "wrapMode": 1,
  "curveData": {
    "props": {
      "position": [
        {
          "frame": 0,
          "value": [
            -360,
            -230
          ],
          "curve": "quintOut"
        },
        {
          "frame": 1,
          "value": [
            -360,
            150
          ]
        }
      ]
    }
  },
  "events": [
    {
      "frame": 1,
      "func": "onNextAnimation",
      "params": [
        1
      ]
    }
  ]
}