{
  "__type__": "cc.AnimationClip",
  "_name": "caseOut-expo",
  "_objFlags": 0,
  "_rawFiles": null,
  "_duration": 1,
  "sample": 10,
  "speed": 1,
  "wrapMode": 22,
  "curveData": {
    "props": {
      "position": [
        {
          "frame": 0,
          "value": [
            -400,
            -246
          ],
          "curve": "circOut"
        },
        {
          "frame": 1,
          "value": [
            155,
            243
          ]
        }
      ]
    }
  },
  "events": []
}